{
  "version": 1,
  "author": "Anonymous maker",
  "editor": "wokwi",
  "parts": [
    { "type": "wokwi-esp32-devkit-v1", "id": "esp", "top": 0, "left": 0, "attrs": {} },
    {
      "type": "wokwi-led",
      "id": "led1",
      "top": -45.74,
      "left": 137.27,
      "attrs": { "color": "red" }
    },
    {
      "type": "wokwi-resistor",
      "id": "r1",
      "top": 87.55,
      "left": 152.4,
      "rotate": 90,
      "attrs": { "value": "220" }
    }
  ],
  "connections": [
    [ "esp:TX0", "$serialMonitor:RX", "", [] ],
    [ "esp:RX0", "$serialMonitor:TX", "", [] ],
    [ "led1:C", "esp:GND.1", "green", [ "v112.8", "h-31.77" ] ],
    [ "r1:2", "esp:D2", "green", [ "h0" ] ],
    [ "led1:A", "r1:1", "green", [ "v64.81", "h16.23" ] ]
  ],
  "dependencies": {}
}